<?xml version="1.0" encoding="UTF-8"?>
<!DOCTYPE hibernate-mapping PUBLIC "-//Hibernate/Hibernate Configuration DTD 3.0//EN" "http://hibernate.sourceforge.net/hibernate-mapping-3.0.dtd">
<hibernate-mapping>
	<class name="ua.lviv.lgs.Author" table="Author">
		<id name="id" type="int" column="authorId">
			<generator class="increment"></generator>
		</id>
		<property name="firstName" type="string" column="firstName"></property>
		<property name="lastName" type="string" column="lastName"></property>
		<property name="age" type="int" column="age"></property>
		<list name="books" cascade="all">
			<key column="authorId"></key>
			<list-index column="idx"></list-index>
			<one-to-many class="ua.lviv.lgs.Book" />
		</list>
	</class>
</hibernate-mapping>