<?xml version="1.0" encoding="UTF-8"?>
<!DOCTYPE hibernate-mapping PUBLIC "-//Hibernate/Hibernate Configuration DTD 3.0//EN" "http://hibernate.sourceforge.net/hibernate-mapping-3.0.dtd">
<hibernate-mapping>
	<class name="ua.lviv.lgs.Book" table="Book">
		<id name="id" type="int" column="bookId">
			<generator class="increment"></generator>
		</id>
		<property name="title" type="string" column="title"></property>
		<many-to-one name="author" class="ua.lviv.lgs.Author"
			column="authorId"></many-to-one>
	</class>
</hibernate-mapping>